id,nombre,entero,flotante
1,Jan,147,538.400024
2,Dee,127,377.899994
3,Hirsch,469,163.399994
4,Dasi,955,999.299988
5,Alphonse,353,616.000000
7,Van,185,590.200012
8,Frazier,743,176.600006
9,Halette,962,417.600006
10,Rosanne,687,231.399994
11,Emiliano,47,52.099998
